PatientID,FirstName,LastName,DOB,Phone,Email,PatientType
1,Olivia,Roberts,2003-06-19,5554964875,olivia.roberts@example.com,Returning
2,Andrew,Adams,1979-09-06,5553361504,andrew.adams@example.com,Returning
3,Matthew,Williams,1951-03-27,5559663740,matthew.williams@example.com,Returning
4,Nancy,King,1978-09-03,5558695249,nancy.king@example.com,Returning
5,Marie,Campbell,2003-04-07,5553657385,marie.campbell@example.com,Returning
6,Amy,Young,1952-05-03,5559790392,amy.young@example.com,Returning
7,Matthew,Cruz,2005-03-20,5556908646,matthew.cruz@example.com,New
8,Ashley,Johnson,1964-04-24,5551008944,ashley.johnson@example.com,Returning
9,Ruth,White,1948-05-12,5553989792,ruth.white@example.com,Returning
10,Michelle,Perez,1969-09-24,5553671961,michelle.perez@example.com,Returning
11,Amanda,Morales,1972-02-10,5558764508,amanda.morales@example.com,New
12,Jacob,Johnson,2000-08-02,5551434061,jacob.johnson@example.com,Returning
13,Christopher,Taylor,1978-08-01,5557063298,christopher.taylor@example.com,Returning
14,Janet,Jones,1952-12-04,5556169975,janet.jones@example.com,Returning
15,Paul,Rodriguez,1956-05-01,5551464962,paul.rodriguez@example.com,Returning
16,John,Flores,2000-09-01,5555638265,john.flores@example.com,Returning
17,Christopher,Lewis,1984-04-25,5555814732,christopher.lewis@example.com,Returning
18,Sarah,Green,1969-04-25,5552105803,sarah.green@example.com,New
19,Christopher,Robinson,1985-02-24,5553649351,christopher.robinson@example.com,Returning
20,Kevin,Rivera,2001-07-16,5552449966,kevin.rivera@example.com,New
21,Emily,Moore,1969-07-11,5559449835,emily.moore@example.com,New
22,Olivia,Green,1995-12-25,5553938587,olivia.green@example.com,Returning
23,Gary,Hall,1970-04-16,5556501241,gary.hall@example.com,New
24,George,Campbell,1986-05-02,5559674003,george.campbell@example.com,Returning
25,William,Martin,1997-03-10,5551214139,william.martin@example.com,New
26,Janet,White,1949-09-20,5555099566,janet.white@example.com,Returning
27,Sandra,Reyes,2001-07-01,5555957666,sandra.reyes@example.com,Returning
28,Donald,Smith,2006-11-15,5557037297,donald.smith@example.com,New
29,Sarah,Stewart,1979-10-05,5559571348,sarah.stewart@example.com,Returning
30,Jacob,Thomas,1969-01-17,5552861569,jacob.thomas@example.com,Returning
31,Emma,Edwards,2000-02-06,5558361555,emma.edwards@example.com,New
32,Sarah,Allen,1966-04-11,5552365471,sarah.allen@example.com,Returning
33,Kimberly,Martinez,1992-10-25,5558947336,kimberly.martinez@example.com,Returning
34,Mark,Robinson,1960-03-26,5557538624,mark.robinson@example.com,New
35,Jeffrey,Rodriguez,1956-04-25,5554913666,jeffrey.rodriguez@example.com,Returning
36,Andrew,Campbell,1986-08-17,5553593751,andrew.campbell@example.com,Returning
37,Anthony,Stewart,1979-02-20,5552452759,anthony.stewart@example.com,Returning
38,Betty,Campbell,1981-02-16,5554501946,betty.campbell@example.com,Returning
39,David,Perez,1989-01-01,5559023388,david.perez@example.com,New
40,George,Wright,1978-12-15,5552259286,george.wright@example.com,Returning
41,Nancy,Rivera,1948-07-25,5559514012,nancy.rivera@example.com,Returning
42,Kimberly,Hernandez,1954-05-28,5558738712,kimberly.hernandez@example.com,New
43,Brenda,Cruz,1954-01-07,5555618673,brenda.cruz@example.com,Returning
44,Michael,Morris,1956-02-13,5552279854,michael.morris@example.com,Returning
45,Daniel,Mitchell,2006-02-20,5557555835,daniel.mitchell@example.com,Returning
46,Brian,Robinson,1946-11-08,5554616306,brian.robinson@example.com,Returning
47,Christopher,Phillips,1993-11-13,5558614576,christopher.phillips@example.com,Returning
48,Jeffrey,Moore,1998-07-19,5559569724,jeffrey.moore@example.com,Returning
49,Lisa,Hall,1986-06-25,5556290750,lisa.hall@example.com,Returning
50,Matthew,Thomas,1966-01-09,5551364059,matthew.thomas@example.com,Returning
51,Ishanuj,,09/07/1999,7002477633,ishanuj99@gmail.com,New
52,Sudarsana,,10/01/2001,9365965715,sudarsanagogoi1@gmail.com,New
53,Ana,,10/01/2001,9365965715,anag@gmail.com,New
54,Ishanuj,,20/02/2009,7002477633,isha@gmail.com,New
55,Isha,,10/01/2001,7002477633,isha@gmail.com,New
56,Ana,,01/01/2000,1234567890,ishanuj@gmail.com,New
57,John,,01/15/1990,555-123-4567,john@example.com,New
58,Newpatient,,01/01/2000,555-123-4567,new@example.com,New
59,Testuser,,01/01/1990,555-123-4567,test@example.com,New
60,Bookingtest,,01/01/1990,555-123-4567,booking@example.com,New
61,Testuser,,01/01/1990,555-123-4567,test@example.com,New
62,Integrationtest,,01/01/1990,555-999-8888,integration@example.com,New
63,Sudarsana,,01/01/2000,7002477633,sudarsana.gogoi@gmail.com,New
64,Jscqs,,01/01/2000,8387379103,ishanuj@gmail.com,New
65,Isha,,01/01/00,8490048756,ishanuj@gmail.com,New
66,Ishanuj,,01/01/2000,7002477633,ishanuj@gmail.com,New
